timestamp,message,service
987432,  	 [INFO] 	mysql.master.status:&{mysql-bin.000002 10897  true  true   2a5136e0-6733-443e-a223-731f79a4ada9:1-14 0    },nacosdb-mysql-1-xenon.log
962432,  	 [INFO] 	mysql.master.status:&{mysql-bin.000002 10897  true  true   2a5136e0-6733-443e-a223-731f79a4ada9:1-14 0    },nacosdb-mysql-1-xenon.log
182431,  	 [INFO] 	mysql.slave.status:&{ 0  false  false        },nacosdb-mysql-1-xenon.log
187431,"  	 [WARNING] 	LEADER[ID:nacosdb-mysql-1.nacosdb-mysql.default:8801, V:3, E:2].purge.binlog.skipped[conf.PurgeBinlogDisabled is true]",nacosdb-mysql-1-xenon.log
857432,  	 [INFO] 	mysql.master.status:&{mysql-bin.000002 10897  true  true   2a5136e0-6733-443e-a223-731f79a4ada9:1-14 0    },nacosdb-mysql-1-xenon.log
292432,  	 [INFO] 	mysql.master.status:&{mysql-bin.000002 10897  true  true   2a5136e0-6733-443e-a223-731f79a4ada9:1-14 0    },nacosdb-mysql-1-xenon.log
1077431,  	 [INFO] 	mysql.slave.status:&{ 0  false  false        },nacosdb-mysql-1-xenon.log
82432,  	 [INFO] 	mysql.master.status:&{mysql-bin.000002 10897  true  true   2a5136e0-6733-443e-a223-731f79a4ada9:1-14 0    },nacosdb-mysql-1-xenon.log
682432,  	 [INFO] 	mysql.master.status:&{mysql-bin.000002 10897  true  true   2a5136e0-6733-443e-a223-731f79a4ada9:1-14 0    },nacosdb-mysql-1-xenon.log
312432,  	 [INFO] 	mysql.master.status:&{mysql-bin.000002 10897  true  true   2a5136e0-6733-443e-a223-731f79a4ada9:1-14 0    },nacosdb-mysql-1-xenon.log
717431,  	 [INFO] 	mysql.slave.status:&{ 0  false  false        },nacosdb-mysql-1-xenon.log
422432,  	 [INFO] 	mysql.master.status:&{mysql-bin.000002 10897  true  true   2a5136e0-6733-443e-a223-731f79a4ada9:1-14 0    },nacosdb-mysql-1-xenon.log
767431,  	 [INFO] 	mysql.master.status:&{mysql-bin.000002 10897  true  true   2a5136e0-6733-443e-a223-731f79a4ada9:1-14 0    },nacosdb-mysql-1-xenon.log
1182432,  	 [INFO] 	mysql.master.status:&{mysql-bin.000002 10897  true  true   2a5136e0-6733-443e-a223-731f79a4ada9:1-14 0    },nacosdb-mysql-1-xenon.log
462431,  	 [INFO] 	mysql.slave.status:&{ 0  false  false        },nacosdb-mysql-1-xenon.log
542432,  	 [INFO] 	mysql.master.status:&{mysql-bin.000002 10897  true  true   2a5136e0-6733-443e-a223-731f79a4ada9:1-14 0    },nacosdb-mysql-1-xenon.log
702431,  	 [INFO] 	mysql.master.status:&{mysql-bin.000002 10897  true  true   2a5136e0-6733-443e-a223-731f79a4ada9:1-14 0    },nacosdb-mysql-1-xenon.log
217432,  	 [INFO] 	mysql.master.status:&{mysql-bin.000002 10897  true  true   2a5136e0-6733-443e-a223-731f79a4ada9:1-14 0    },nacosdb-mysql-1-xenon.log
902431,  	 [INFO] 	mysql.slave.status:&{ 0  false  false        },nacosdb-mysql-1-xenon.log
227431,  	 [INFO] 	mysql.slave.status:&{ 0  false  false        },nacosdb-mysql-1-xenon.log
887432,  	 [INFO] 	mysql.slave.status:&{ 0  false  false        },nacosdb-mysql-1-xenon.log
27431,  	 [INFO] 	mysql.slave.status:&{ 0  false  false        },nacosdb-mysql-1-xenon.log
192432,  	 [INFO] 	mysql.master.status:&{mysql-bin.000002 10897  true  true   2a5136e0-6733-443e-a223-731f79a4ada9:1-14 0    },nacosdb-mysql-1-xenon.log
702431,  	 [INFO] 	mysql.slave.status:&{ 0  false  false        },nacosdb-mysql-1-xenon.log
1167431,  	 [INFO] 	mysql.slave.status:&{ 0  false  false        },nacosdb-mysql-1-xenon.log
772432,  	 [INFO] 	mysql.slave.status:&{ 0  false  false        },nacosdb-mysql-1-xenon.log
297431,  	 [INFO] 	mysql.slave.status:&{ 0  false  false        },nacosdb-mysql-1-xenon.log
477432,  	 [INFO] 	mysql.master.status:&{mysql-bin.000002 10897  true  true   2a5136e0-6733-443e-a223-731f79a4ada9:1-14 0    },nacosdb-mysql-1-xenon.log
102431,  	 [INFO] 	mysql.master.status:&{mysql-bin.000002 10897  true  true   2a5136e0-6733-443e-a223-731f79a4ada9:1-14 0    },nacosdb-mysql-1-xenon.log
892431,  	 [INFO] 	mysql.slave.status:&{ 0  false  false        },nacosdb-mysql-1-xenon.log
212431,  	 [INFO] 	mysql.slave.status:&{ 0  false  false        },nacosdb-mysql-1-xenon.log
432431,  	 [INFO] 	mysql.slave.status:&{ 0  false  false        },nacosdb-mysql-1-xenon.log
147431,  	 [INFO] 	mysql.slave.status:&{ 0  false  false        },nacosdb-mysql-1-xenon.log
127431,  	 [INFO] 	mysql.slave.status:&{ 0  false  false        },nacosdb-mysql-1-xenon.log
1092431,  	 [INFO] 	mysql.slave.status:&{ 0  false  false        },nacosdb-mysql-1-xenon.log
667432,  	 [INFO] 	mysql.master.status:&{mysql-bin.000002 10897  true  true   2a5136e0-6733-443e-a223-731f79a4ada9:1-14 0    },nacosdb-mysql-1-xenon.log
12432,  	 [INFO] 	mysql.master.status:&{mysql-bin.000002 10897  true  true   2a5136e0-6733-443e-a223-731f79a4ada9:1-14 0    },nacosdb-mysql-1-xenon.log
1022431,  	 [INFO] 	mysql.master.status:&{mysql-bin.000002 10897  true  true   2a5136e0-6733-443e-a223-731f79a4ada9:1-14 0    },nacosdb-mysql-1-xenon.log
842431,  	 [INFO] 	mysql.slave.status:&{ 0  false  false        },nacosdb-mysql-1-xenon.log
407431,  	 [INFO] 	mysql.slave.status:&{ 0  false  false        },nacosdb-mysql-1-xenon.log
242431,  	 [INFO] 	mysql.slave.status:&{ 0  false  false        },nacosdb-mysql-1-xenon.log
362431,  	 [INFO] 	mysql.slave.status:&{ 0  false  false        },nacosdb-mysql-1-xenon.log
167432,  	 [INFO] 	mysql.master.status:&{mysql-bin.000002 10897  true  true   2a5136e0-6733-443e-a223-731f79a4ada9:1-14 0    },nacosdb-mysql-1-xenon.log
967432,  	 [INFO] 	mysql.master.status:&{mysql-bin.000002 10897  true  true   2a5136e0-6733-443e-a223-731f79a4ada9:1-14 0    },nacosdb-mysql-1-xenon.log
202432,  	 [INFO] 	mysql.master.status:&{mysql-bin.000002 10897  true  true   2a5136e0-6733-443e-a223-731f79a4ada9:1-14 0    },nacosdb-mysql-1-xenon.log
522432,  	 [INFO] 	mysql.master.status:&{mysql-bin.000002 10897  true  true   2a5136e0-6733-443e-a223-731f79a4ada9:1-14 0    },nacosdb-mysql-1-xenon.log
977431,  	 [INFO] 	mysql.slave.status:&{ 0  false  false        },nacosdb-mysql-1-xenon.log
112432,  	 [INFO] 	mysql.master.status:&{mysql-bin.000002 10897  true  true   2a5136e0-6733-443e-a223-731f79a4ada9:1-14 0    },nacosdb-mysql-1-xenon.log
802431,  	 [INFO] 	mysql.master.status:&{mysql-bin.000002 10897  true  true   2a5136e0-6733-443e-a223-731f79a4ada9:1-14 0    },nacosdb-mysql-1-xenon.log
447432,  	 [INFO] 	mysql.master.status:&{mysql-bin.000002 10897  true  true   2a5136e0-6733-443e-a223-731f79a4ada9:1-14 0    },nacosdb-mysql-1-xenon.log
607432,  	 [INFO] 	mysql.master.status:&{mysql-bin.000002 10897  true  true   2a5136e0-6733-443e-a223-731f79a4ada9:1-14 0    },nacosdb-mysql-1-xenon.log
982431,  	 [INFO] 	mysql.slave.status:&{ 0  false  false        },nacosdb-mysql-1-xenon.log
92431,  	 [INFO] 	mysql.master.status:&{mysql-bin.000002 10897  true  true   2a5136e0-6733-443e-a223-731f79a4ada9:1-14 0    },nacosdb-mysql-1-xenon.log
1082432,  	 [INFO] 	mysql.master.status:&{mysql-bin.000002 10897  true  true   2a5136e0-6733-443e-a223-731f79a4ada9:1-14 0    },nacosdb-mysql-1-xenon.log
652431,  	 [INFO] 	mysql.slave.status:&{ 0  false  false        },nacosdb-mysql-1-xenon.log
1132431,  	 [INFO] 	mysql.slave.status:&{ 0  false  false        },nacosdb-mysql-1-xenon.log
242432,  	 [INFO] 	mysql.master.status:&{mysql-bin.000002 10897  true  true   2a5136e0-6733-443e-a223-731f79a4ada9:1-14 0    },nacosdb-mysql-1-xenon.log
887432,  	 [INFO] 	mysql.master.status:&{mysql-bin.000002 10897  true  true   2a5136e0-6733-443e-a223-731f79a4ada9:1-14 0    },nacosdb-mysql-1-xenon.log
697432,  	 [INFO] 	mysql.master.status:&{mysql-bin.000002 10897  true  true   2a5136e0-6733-443e-a223-731f79a4ada9:1-14 0    },nacosdb-mysql-1-xenon.log
827432,  	 [INFO] 	mysql.master.status:&{mysql-bin.000002 10897  true  true   2a5136e0-6733-443e-a223-731f79a4ada9:1-14 0    },nacosdb-mysql-1-xenon.log
32431,  	 [INFO] 	mysql.slave.status:&{ 0  false  false        },nacosdb-mysql-1-xenon.log
937431,  	 [INFO] 	mysql.master.status:&{mysql-bin.000002 10897  true  true   2a5136e0-6733-443e-a223-731f79a4ada9:1-14 0    },nacosdb-mysql-1-xenon.log
357432,  	 [INFO] 	mysql.master.status:&{mysql-bin.000002 10897  true  true   2a5136e0-6733-443e-a223-731f79a4ada9:1-14 0    },nacosdb-mysql-1-xenon.log
537431,  	 [INFO] 	mysql.slave.status:&{ 0  false  false        },nacosdb-mysql-1-xenon.log
1102431,  	 [INFO] 	mysql.slave.status:&{ 0  false  false        },nacosdb-mysql-1-xenon.log
397431,  	 [INFO] 	mysql.slave.status:&{ 0  false  false        },nacosdb-mysql-1-xenon.log
1147431,  	 [INFO] 	mysql.slave.status:&{ 0  false  false        },nacosdb-mysql-1-xenon.log
1002432,  	 [INFO] 	mysql.master.status:&{mysql-bin.000002 10897  true  true   2a5136e0-6733-443e-a223-731f79a4ada9:1-14 0    },nacosdb-mysql-1-xenon.log
922431,  	 [INFO] 	mysql.slave.status:&{ 0  false  false        },nacosdb-mysql-1-xenon.log
312431,  	 [INFO] 	mysql.slave.status:&{ 0  false  false        },nacosdb-mysql-1-xenon.log
1167432,  	 [INFO] 	mysql.master.status:&{mysql-bin.000002 10897  true  true   2a5136e0-6733-443e-a223-731f79a4ada9:1-14 0    },nacosdb-mysql-1-xenon.log
772432,  	 [INFO] 	mysql.master.status:&{mysql-bin.000002 10897  true  true   2a5136e0-6733-443e-a223-731f79a4ada9:1-14 0    },nacosdb-mysql-1-xenon.log
902432,  	 [INFO] 	mysql.master.status:&{mysql-bin.000002 10897  true  true   2a5136e0-6733-443e-a223-731f79a4ada9:1-14 0    },nacosdb-mysql-1-xenon.log
457431,  	 [INFO] 	mysql.slave.status:&{ 0  false  false        },nacosdb-mysql-1-xenon.log
512431,  	 [INFO] 	mysql.slave.status:&{ 0  false  false        },nacosdb-mysql-1-xenon.log
387432,  	 [INFO] 	mysql.master.status:&{mysql-bin.000002 10897  true  true   2a5136e0-6733-443e-a223-731f79a4ada9:1-14 0    },nacosdb-mysql-1-xenon.log
1132432,  	 [INFO] 	mysql.master.status:&{mysql-bin.000002 10897  true  true   2a5136e0-6733-443e-a223-731f79a4ada9:1-14 0    },nacosdb-mysql-1-xenon.log
227432,  	 [INFO] 	mysql.master.status:&{mysql-bin.000002 10897  true  true   2a5136e0-6733-443e-a223-731f79a4ada9:1-14 0    },nacosdb-mysql-1-xenon.log
232431,  	 [INFO] 	mysql.master.status:&{mysql-bin.000002 10897  true  true   2a5136e0-6733-443e-a223-731f79a4ada9:1-14 0    },nacosdb-mysql-1-xenon.log
1172432,  	 [INFO] 	mysql.master.status:&{mysql-bin.000002 10897  true  true   2a5136e0-6733-443e-a223-731f79a4ada9:1-14 0    },nacosdb-mysql-1-xenon.log
557431,  	 [INFO] 	mysql.slave.status:&{ 0  false  false        },nacosdb-mysql-1-xenon.log
87431,  	 [INFO] 	mysql.slave.status:&{ 0  false  false        },nacosdb-mysql-1-xenon.log
332432,  	 [INFO] 	mysql.master.status:&{mysql-bin.000002 10897  true  true   2a5136e0-6733-443e-a223-731f79a4ada9:1-14 0    },nacosdb-mysql-1-xenon.log
1032432,  	 [INFO] 	mysql.master.status:&{mysql-bin.000002 10897  true  true   2a5136e0-6733-443e-a223-731f79a4ada9:1-14 0    },nacosdb-mysql-1-xenon.log
892432,  	 [INFO] 	mysql.master.status:&{mysql-bin.000002 10897  true  true   2a5136e0-6733-443e-a223-731f79a4ada9:1-14 0    },nacosdb-mysql-1-xenon.log
777431,  	 [INFO] 	mysql.slave.status:&{ 0  false  false        },nacosdb-mysql-1-xenon.log
947431,  	 [INFO] 	mysql.slave.status:&{ 0  false  false        },nacosdb-mysql-1-xenon.log
377431,  	 [INFO] 	mysql.master.status:&{mysql-bin.000002 10897  true  true   2a5136e0-6733-443e-a223-731f79a4ada9:1-14 0    },nacosdb-mysql-1-xenon.log
477431,  	 [INFO] 	mysql.slave.status:&{ 0  false  false        },nacosdb-mysql-1-xenon.log
967431,  	 [INFO] 	mysql.slave.status:&{ 0  false  false        },nacosdb-mysql-1-xenon.log
682431,  	 [INFO] 	mysql.slave.status:&{ 0  false  false        },nacosdb-mysql-1-xenon.log
522431,  	 [INFO] 	mysql.slave.status:&{ 0  false  false        },nacosdb-mysql-1-xenon.log
1092431,  	 [INFO] 	mysql.master.status:&{mysql-bin.000002 10897  true  true   2a5136e0-6733-443e-a223-731f79a4ada9:1-14 0    },nacosdb-mysql-1-xenon.log
72432,  	 [INFO] 	mysql.master.status:&{mysql-bin.000002 10897  true  true   2a5136e0-6733-443e-a223-731f79a4ada9:1-14 0    },nacosdb-mysql-1-xenon.log
642431,  	 [INFO] 	mysql.slave.status:&{ 0  false  false        },nacosdb-mysql-1-xenon.log
712432,  	 [INFO] 	mysql.master.status:&{mysql-bin.000002 10897  true  true   2a5136e0-6733-443e-a223-731f79a4ada9:1-14 0    },nacosdb-mysql-1-xenon.log
362432,  	 [INFO] 	mysql.master.status:&{mysql-bin.000002 10897  true  true   2a5136e0-6733-443e-a223-731f79a4ada9:1-14 0    },nacosdb-mysql-1-xenon.log
692431,  	 [INFO] 	mysql.slave.status:&{ 0  false  false        },nacosdb-mysql-1-xenon.log
392431,  	 [INFO] 	mysql.slave.status:&{ 0  false  false        },nacosdb-mysql-1-xenon.log
257432,  	 [INFO] 	mysql.master.status:&{mysql-bin.000002 10897  true  true   2a5136e0-6733-443e-a223-731f79a4ada9:1-14 0    },nacosdb-mysql-1-xenon.log
1047432,  	 [INFO] 	mysql.master.status:&{mysql-bin.000002 10897  true  true   2a5136e0-6733-443e-a223-731f79a4ada9:1-14 0    },nacosdb-mysql-1-xenon.log
1007432,  	 [INFO] 	mysql.slave.status:&{ 0  false  false        },nacosdb-mysql-1-xenon.log
752431,  	 [INFO] 	mysql.slave.status:&{ 0  false  false        },nacosdb-mysql-1-xenon.log
417431,  	 [INFO] 	mysql.slave.status:&{ 0  false  false        },nacosdb-mysql-1-xenon.log
992433,  	 [INFO] 	mysql.slave.status:&{ 0  false  false        },nacosdb-mysql-1-xenon.log
1042431,  	 [INFO] 	mysql.slave.status:&{ 0  false  false        },nacosdb-mysql-1-xenon.log
1057431,  	 [INFO] 	mysql.master.status:&{mysql-bin.000002 10897  true  true   2a5136e0-6733-443e-a223-731f79a4ada9:1-14 0    },nacosdb-mysql-1-xenon.log
152432,  	 [INFO] 	mysql.master.status:&{mysql-bin.000002 10897  true  true   2a5136e0-6733-443e-a223-731f79a4ada9:1-14 0    },nacosdb-mysql-1-xenon.log
352432,  	 [INFO] 	mysql.master.status:&{mysql-bin.000002 10897  true  true   2a5136e0-6733-443e-a223-731f79a4ada9:1-14 0    },nacosdb-mysql-1-xenon.log
282431,  	 [INFO] 	mysql.slave.status:&{ 0  false  false        },nacosdb-mysql-1-xenon.log
1027431,  	 [INFO] 	mysql.slave.status:&{ 0  false  false        },nacosdb-mysql-1-xenon.log
197431,  	 [INFO] 	mysql.master.status:&{mysql-bin.000002 10897  true  true   2a5136e0-6733-443e-a223-731f79a4ada9:1-14 0    },nacosdb-mysql-1-xenon.log
1197431,  	 [INFO] 	mysql.slave.status:&{ 0  false  false        },nacosdb-mysql-1-xenon.log
62431,  	 [INFO] 	mysql.slave.status:&{ 0  false  false        },nacosdb-mysql-1-xenon.log
132432,  	 [INFO] 	mysql.master.status:&{mysql-bin.000002 10897  true  true   2a5136e0-6733-443e-a223-731f79a4ada9:1-14 0    },nacosdb-mysql-1-xenon.log
572431,  	 [INFO] 	mysql.slave.status:&{ 0  false  false        },nacosdb-mysql-1-xenon.log
907431,  	 [INFO] 	mysql.slave.status:&{ 0  false  false        },nacosdb-mysql-1-xenon.log
592431,  	 [INFO] 	mysql.slave.status:&{ 0  false  false        },nacosdb-mysql-1-xenon.log
1172431,  	 [INFO] 	mysql.slave.status:&{ 0  false  false        },nacosdb-mysql-1-xenon.log
792432,  	 [INFO] 	mysql.master.status:&{mysql-bin.000002 10897  true  true   2a5136e0-6733-443e-a223-731f79a4ada9:1-14 0    },nacosdb-mysql-1-xenon.log
452432,  	 [INFO] 	mysql.master.status:&{mysql-bin.000002 10897  true  true   2a5136e0-6733-443e-a223-731f79a4ada9:1-14 0    },nacosdb-mysql-1-xenon.log
52432,  	 [INFO] 	mysql.master.status:&{mysql-bin.000002 10897  true  true   2a5136e0-6733-443e-a223-731f79a4ada9:1-14 0    },nacosdb-mysql-1-xenon.log
667431,  	 [INFO] 	mysql.slave.status:&{ 0  false  false        },nacosdb-mysql-1-xenon.log
142432,  	 [INFO] 	mysql.master.status:&{mysql-bin.000002 10897  true  true   2a5136e0-6733-443e-a223-731f79a4ada9:1-14 0    },nacosdb-mysql-1-xenon.log
177431,  	 [INFO] 	mysql.slave.status:&{ 0  false  false        },nacosdb-mysql-1-xenon.log
112431,  	 [INFO] 	mysql.slave.status:&{ 0  false  false        },nacosdb-mysql-1-xenon.log
822432,  	 [INFO] 	mysql.master.status:&{mysql-bin.000002 10897  true  true   2a5136e0-6733-443e-a223-731f79a4ada9:1-14 0    },nacosdb-mysql-1-xenon.log
812431,  	 [INFO] 	mysql.slave.status:&{ 0  false  false        },nacosdb-mysql-1-xenon.log
1097431,  	 [INFO] 	mysql.slave.status:&{ 0  false  false        },nacosdb-mysql-1-xenon.log
1077432,  	 [INFO] 	mysql.master.status:&{mysql-bin.000002 10897  true  true   2a5136e0-6733-443e-a223-731f79a4ada9:1-14 0    },nacosdb-mysql-1-xenon.log
32432,  	 [INFO] 	mysql.master.status:&{mysql-bin.000002 10897  true  true   2a5136e0-6733-443e-a223-731f79a4ada9:1-14 0    },nacosdb-mysql-1-xenon.log
1142432,  	 [INFO] 	mysql.master.status:&{mysql-bin.000002 10897  true  true   2a5136e0-6733-443e-a223-731f79a4ada9:1-14 0    },nacosdb-mysql-1-xenon.log
747431,  	 [INFO] 	mysql.slave.status:&{ 0  false  false        },nacosdb-mysql-1-xenon.log
247432,  	 [INFO] 	mysql.master.status:&{mysql-bin.000002 10897  true  true   2a5136e0-6733-443e-a223-731f79a4ada9:1-14 0    },nacosdb-mysql-1-xenon.log
807431,  	 [INFO] 	mysql.slave.status:&{ 0  false  false        },nacosdb-mysql-1-xenon.log
1182431,  	 [INFO] 	mysql.slave.status:&{ 0  false  false        },nacosdb-mysql-1-xenon.log
922432,  	 [INFO] 	mysql.master.status:&{mysql-bin.000002 10897  true  true   2a5136e0-6733-443e-a223-731f79a4ada9:1-14 0    },nacosdb-mysql-1-xenon.log
737431,  	 [INFO] 	mysql.slave.status:&{ 0  false  false        },nacosdb-mysql-1-xenon.log
287431,  	 [INFO] 	mysql.slave.status:&{ 0  false  false        },nacosdb-mysql-1-xenon.log
207432,  	 [INFO] 	mysql.master.status:&{mysql-bin.000002 10897  true  true   2a5136e0-6733-443e-a223-731f79a4ada9:1-14 0    },nacosdb-mysql-1-xenon.log
837432,  	 [INFO] 	mysql.slave.status:&{ 0  false  false        },nacosdb-mysql-1-xenon.log
427431,  	 [INFO] 	mysql.slave.status:&{ 0  false  false        },nacosdb-mysql-1-xenon.log
337432,  	 [INFO] 	mysql.master.status:&{mysql-bin.000002 10897  true  true   2a5136e0-6733-443e-a223-731f79a4ada9:1-14 0    },nacosdb-mysql-1-xenon.log
122432,  	 [INFO] 	mysql.master.status:&{mysql-bin.000002 10897  true  true   2a5136e0-6733-443e-a223-731f79a4ada9:1-14 0    },nacosdb-mysql-1-xenon.log
202431,  	 [INFO] 	mysql.slave.status:&{ 0  false  false        },nacosdb-mysql-1-xenon.log
377431,  	 [INFO] 	mysql.slave.status:&{ 0  false  false        },nacosdb-mysql-1-xenon.log
1177432,  	 [INFO] 	mysql.master.status:&{mysql-bin.000002 10897  true  true   2a5136e0-6733-443e-a223-731f79a4ada9:1-14 0    },nacosdb-mysql-1-xenon.log
347431,  	 [INFO] 	mysql.slave.status:&{ 0  false  false        },nacosdb-mysql-1-xenon.log
127431,  	 [INFO] 	mysql.master.status:&{mysql-bin.000002 10897  true  true   2a5136e0-6733-443e-a223-731f79a4ada9:1-14 0    },nacosdb-mysql-1-xenon.log
1097432,  	 [INFO] 	mysql.master.status:&{mysql-bin.000002 10897  true  true   2a5136e0-6733-443e-a223-731f79a4ada9:1-14 0    },nacosdb-mysql-1-xenon.log
192431,  	 [INFO] 	mysql.slave.status:&{ 0  false  false        },nacosdb-mysql-1-xenon.log
672431,  	 [INFO] 	mysql.slave.status:&{ 0  false  false        },nacosdb-mysql-1-xenon.log
997432,  	 [INFO] 	mysql.master.status:&{mysql-bin.000002 10897  true  true   2a5136e0-6733-443e-a223-731f79a4ada9:1-14 0    },nacosdb-mysql-1-xenon.log
582431,  	 [INFO] 	mysql.slave.status:&{ 0  false  false        },nacosdb-mysql-1-xenon.log
12431,  	 [INFO] 	mysql.slave.status:&{ 0  false  false        },nacosdb-mysql-1-xenon.log
962432,  	 [INFO] 	mysql.slave.status:&{ 0  false  false        },nacosdb-mysql-1-xenon.log
517431,  	 [INFO] 	mysql.slave.status:&{ 0  false  false        },nacosdb-mysql-1-xenon.log
627432,  	 [INFO] 	mysql.master.status:&{mysql-bin.000002 10897  true  true   2a5136e0-6733-443e-a223-731f79a4ada9:1-14 0    },nacosdb-mysql-1-xenon.log
857431,  	 [INFO] 	mysql.slave.status:&{ 0  false  false        },nacosdb-mysql-1-xenon.log
1147432,  	 [INFO] 	mysql.master.status:&{mysql-bin.000002 10897  true  true   2a5136e0-6733-443e-a223-731f79a4ada9:1-14 0    },nacosdb-mysql-1-xenon.log
767431,  	 [INFO] 	mysql.slave.status:&{ 0  false  false        },nacosdb-mysql-1-xenon.log
487431,  	 [INFO] 	mysql.slave.status:&{ 0  false  false        },nacosdb-mysql-1-xenon.log
17431,  	 [INFO] 	mysql.slave.status:&{ 0  false  false        },nacosdb-mysql-1-xenon.log
1122432,  	 [INFO] 	mysql.master.status:&{mysql-bin.000002 10897  true  true   2a5136e0-6733-443e-a223-731f79a4ada9:1-14 0    },nacosdb-mysql-1-xenon.log
832432,  	 [INFO] 	mysql.slave.status:&{ 0  false  false        },nacosdb-mysql-1-xenon.log
527432,  	 [INFO] 	mysql.master.status:&{mysql-bin.000002 10897  true  true   2a5136e0-6733-443e-a223-731f79a4ada9:1-14 0    },nacosdb-mysql-1-xenon.log
662431,  	 [INFO] 	mysql.slave.status:&{ 0  false  false        },nacosdb-mysql-1-xenon.log
547432,  	 [INFO] 	mysql.master.status:&{mysql-bin.000002 10897  true  true   2a5136e0-6733-443e-a223-731f79a4ada9:1-14 0    },nacosdb-mysql-1-xenon.log
1152431,  	 [INFO] 	mysql.slave.status:&{ 0  false  false        },nacosdb-mysql-1-xenon.log
237432,  	 [INFO] 	mysql.slave.status:&{ 0  false  false        },nacosdb-mysql-1-xenon.log
47432,  	 [INFO] 	mysql.master.status:&{mysql-bin.000002 10897  true  true   2a5136e0-6733-443e-a223-731f79a4ada9:1-14 0    },nacosdb-mysql-1-xenon.log
972432,  	 [INFO] 	mysql.master.status:&{mysql-bin.000002 10897  true  true   2a5136e0-6733-443e-a223-731f79a4ada9:1-14 0    },nacosdb-mysql-1-xenon.log
957432,  	 [INFO] 	mysql.slave.status:&{ 0  false  false        },nacosdb-mysql-1-xenon.log
972431,  	 [INFO] 	mysql.slave.status:&{ 0  false  false        },nacosdb-mysql-1-xenon.log
122431,  	 [INFO] 	mysql.slave.status:&{ 0  false  false        },nacosdb-mysql-1-xenon.log
172432,  	 [INFO] 	mysql.master.status:&{mysql-bin.000002 10897  true  true   2a5136e0-6733-443e-a223-731f79a4ada9:1-14 0    },nacosdb-mysql-1-xenon.log
882432,  	 [INFO] 	mysql.slave.status:&{ 0  false  false        },nacosdb-mysql-1-xenon.log
42432,  	 [INFO] 	mysql.master.status:&{mysql-bin.000002 10897  true  true   2a5136e0-6733-443e-a223-731f79a4ada9:1-14 0    },nacosdb-mysql-1-xenon.log
247431,  	 [INFO] 	mysql.slave.status:&{ 0  false  false        },nacosdb-mysql-1-xenon.log
867431,  	 [INFO] 	mysql.slave.status:&{ 0  false  false        },nacosdb-mysql-1-xenon.log
177432,  	 [INFO] 	mysql.master.status:&{mysql-bin.000002 10897  true  true   2a5136e0-6733-443e-a223-731f79a4ada9:1-14 0    },nacosdb-mysql-1-xenon.log
302431,  	 [INFO] 	mysql.slave.status:&{ 0  false  false        },nacosdb-mysql-1-xenon.log
327431,  	 [INFO] 	mysql.slave.status:&{ 0  false  false        },nacosdb-mysql-1-xenon.log
632431,  	 [INFO] 	mysql.slave.status:&{ 0  false  false        },nacosdb-mysql-1-xenon.log
172431,  	 [INFO] 	mysql.slave.status:&{ 0  false  false        },nacosdb-mysql-1-xenon.log
552431,  	 [INFO] 	mysql.slave.status:&{ 0  false  false        },nacosdb-mysql-1-xenon.log
1152431,  	 [INFO] 	mysql.master.status:&{mysql-bin.000002 10897  true  true   2a5136e0-6733-443e-a223-731f79a4ada9:1-14 0    },nacosdb-mysql-1-xenon.log
762432,  	 [INFO] 	mysql.master.status:&{mysql-bin.000002 10897  true  true   2a5136e0-6733-443e-a223-731f79a4ada9:1-14 0    },nacosdb-mysql-1-xenon.log
187432,  	 [INFO] 	mysql.master.status:&{mysql-bin.000002 10897  true  true   2a5136e0-6733-443e-a223-731f79a4ada9:1-14 0    },nacosdb-mysql-1-xenon.log
832432,  	 [INFO] 	mysql.master.status:&{mysql-bin.000002 10897  true  true   2a5136e0-6733-443e-a223-731f79a4ada9:1-14 0    },nacosdb-mysql-1-xenon.log
307431,  	 [INFO] 	mysql.slave.status:&{ 0  false  false        },nacosdb-mysql-1-xenon.log
907431,  	 [INFO] 	mysql.master.status:&{mysql-bin.000002 10897  true  true   2a5136e0-6733-443e-a223-731f79a4ada9:1-14 0    },nacosdb-mysql-1-xenon.log
1117431,  	 [INFO] 	mysql.slave.status:&{ 0  false  false        },nacosdb-mysql-1-xenon.log
42431,  	 [INFO] 	mysql.slave.status:&{ 0  false  false        },nacosdb-mysql-1-xenon.log
787432,  	 [INFO] 	mysql.master.status:&{mysql-bin.000002 10897  true  true   2a5136e0-6733-443e-a223-731f79a4ada9:1-14 0    },nacosdb-mysql-1-xenon.log
507431,  	 [INFO] 	mysql.slave.status:&{ 0  false  false        },nacosdb-mysql-1-xenon.log
467431,  	 [INFO] 	mysql.slave.status:&{ 0  false  false        },nacosdb-mysql-1-xenon.log
317432,  	 [INFO] 	mysql.slave.status:&{ 0  false  false        },nacosdb-mysql-1-xenon.log
1112431,  	 [INFO] 	mysql.slave.status:&{ 0  false  false        },nacosdb-mysql-1-xenon.log
1122432,  	 [INFO] 	mysql.slave.status:&{ 0  false  false        },nacosdb-mysql-1-xenon.log
387431,  	 [INFO] 	mysql.slave.status:&{ 0  false  false        },nacosdb-mysql-1-xenon.log
912431,  	 [INFO] 	mysql.slave.status:&{ 0  false  false        },nacosdb-mysql-1-xenon.log
222431,  	 [INFO] 	mysql.slave.status:&{ 0  false  false        },nacosdb-mysql-1-xenon.log
787431,"  	 [WARNING] 	LEADER[ID:nacosdb-mysql-1.nacosdb-mysql.default:8801, V:3, E:2].purge.binlog.skipped[conf.PurgeBinlogDisabled is true]",nacosdb-mysql-1-xenon.log
512432,  	 [INFO] 	mysql.master.status:&{mysql-bin.000002 10897  true  true   2a5136e0-6733-443e-a223-731f79a4ada9:1-14 0    },nacosdb-mysql-1-xenon.log
287432,  	 [INFO] 	mysql.master.status:&{mysql-bin.000002 10897  true  true   2a5136e0-6733-443e-a223-731f79a4ada9:1-14 0    },nacosdb-mysql-1-xenon.log
1137432,  	 [INFO] 	mysql.master.status:&{mysql-bin.000002 10897  true  true   2a5136e0-6733-443e-a223-731f79a4ada9:1-14 0    },nacosdb-mysql-1-xenon.log
807432,  	 [INFO] 	mysql.master.status:&{mysql-bin.000002 10897  true  true   2a5136e0-6733-443e-a223-731f79a4ada9:1-14 0    },nacosdb-mysql-1-xenon.log
897432,  	 [INFO] 	mysql.master.status:&{mysql-bin.000002 10897  true  true   2a5136e0-6733-443e-a223-731f79a4ada9:1-14 0    },nacosdb-mysql-1-xenon.log
107432,  	 [INFO] 	mysql.master.status:&{mysql-bin.000002 10897  true  true   2a5136e0-6733-443e-a223-731f79a4ada9:1-14 0    },nacosdb-mysql-1-xenon.log
417431,  	 [INFO] 	mysql.master.status:&{mysql-bin.000002 10897  true  true   2a5136e0-6733-443e-a223-731f79a4ada9:1-14 0    },nacosdb-mysql-1-xenon.log
942431,  	 [INFO] 	mysql.master.status:&{mysql-bin.000002 10897  true  true   2a5136e0-6733-443e-a223-731f79a4ada9:1-14 0    },nacosdb-mysql-1-xenon.log
602431,  	 [INFO] 	mysql.slave.status:&{ 0  false  false        },nacosdb-mysql-1-xenon.log
937431,  	 [INFO] 	mysql.slave.status:&{ 0  false  false        },nacosdb-mysql-1-xenon.log
462432,  	 [INFO] 	mysql.master.status:&{mysql-bin.000002 10897  true  true   2a5136e0-6733-443e-a223-731f79a4ada9:1-14 0    },nacosdb-mysql-1-xenon.log
487432,  	 [INFO] 	mysql.master.status:&{mysql-bin.000002 10897  true  true   2a5136e0-6733-443e-a223-731f79a4ada9:1-14 0    },nacosdb-mysql-1-xenon.log
727431,  	 [INFO] 	mysql.slave.status:&{ 0  false  false        },nacosdb-mysql-1-xenon.log
597431,  	 [INFO] 	mysql.master.status:&{mysql-bin.000002 10897  true  true   2a5136e0-6733-443e-a223-731f79a4ada9:1-14 0    },nacosdb-mysql-1-xenon.log
732431,  	 [INFO] 	mysql.master.status:&{mysql-bin.000002 10897  true  true   2a5136e0-6733-443e-a223-731f79a4ada9:1-14 0    },nacosdb-mysql-1-xenon.log
77432,  	 [INFO] 	mysql.master.status:&{mysql-bin.000002 10897  true  true   2a5136e0-6733-443e-a223-731f79a4ada9:1-14 0    },nacosdb-mysql-1-xenon.log
402431,  	 [INFO] 	mysql.slave.status:&{ 0  false  false        },nacosdb-mysql-1-xenon.log
637432,  	 [INFO] 	mysql.master.status:&{mysql-bin.000002 10897  true  true   2a5136e0-6733-443e-a223-731f79a4ada9:1-14 0    },nacosdb-mysql-1-xenon.log
852431,  	 [INFO] 	mysql.slave.status:&{ 0  false  false        },nacosdb-mysql-1-xenon.log
562431,  	 [INFO] 	mysql.slave.status:&{ 0  false  false        },nacosdb-mysql-1-xenon.log
1027432,  	 [INFO] 	mysql.master.status:&{mysql-bin.000002 10897  true  true   2a5136e0-6733-443e-a223-731f79a4ada9:1-14 0    },nacosdb-mysql-1-xenon.log
592432,  	 [INFO] 	mysql.master.status:&{mysql-bin.000002 10897  true  true   2a5136e0-6733-443e-a223-731f79a4ada9:1-14 0    },nacosdb-mysql-1-xenon.log
147432,  	 [INFO] 	mysql.master.status:&{mysql-bin.000002 10897  true  true   2a5136e0-6733-443e-a223-731f79a4ada9:1-14 0    },nacosdb-mysql-1-xenon.log
497431,  	 [INFO] 	mysql.slave.status:&{ 0  false  false        },nacosdb-mysql-1-xenon.log
1012431,  	 [INFO] 	mysql.slave.status:&{ 0  false  false        },nacosdb-mysql-1-xenon.log
632432,  	 [INFO] 	mysql.master.status:&{mysql-bin.000002 10897  true  true   2a5136e0-6733-443e-a223-731f79a4ada9:1-14 0    },nacosdb-mysql-1-xenon.log
537432,  	 [INFO] 	mysql.master.status:&{mysql-bin.000002 10897  true  true   2a5136e0-6733-443e-a223-731f79a4ada9:1-14 0    },nacosdb-mysql-1-xenon.log
332431,  	 [INFO] 	mysql.slave.status:&{ 0  false  false        },nacosdb-mysql-1-xenon.log
637431,  	 [INFO] 	mysql.slave.status:&{ 0  false  false        },nacosdb-mysql-1-xenon.log
437431,  	 [INFO] 	mysql.slave.status:&{ 0  false  false        },nacosdb-mysql-1-xenon.log
17431,  	 [INFO] 	mysql.master.status:&{mysql-bin.000002 10897  true  true   2a5136e0-6733-443e-a223-731f79a4ada9:1-14 0    },nacosdb-mysql-1-xenon.log
527431,  	 [INFO] 	mysql.slave.status:&{ 0  false  false        },nacosdb-mysql-1-xenon.log
1107431,  	 [INFO] 	mysql.slave.status:&{ 0  false  false        },nacosdb-mysql-1-xenon.log
322431,  	 [INFO] 	mysql.master.status:&{mysql-bin.000002 10897  true  true   2a5136e0-6733-443e-a223-731f79a4ada9:1-14 0    },nacosdb-mysql-1-xenon.log
777432,  	 [INFO] 	mysql.master.status:&{mysql-bin.000002 10897  true  true   2a5136e0-6733-443e-a223-731f79a4ada9:1-14 0    },nacosdb-mysql-1-xenon.log
817432,  	 [INFO] 	mysql.master.status:&{mysql-bin.000002 10897  true  true   2a5136e0-6733-443e-a223-731f79a4ada9:1-14 0    },nacosdb-mysql-1-xenon.log
472432,  	 [INFO] 	mysql.master.status:&{mysql-bin.000002 10897  true  true   2a5136e0-6733-443e-a223-731f79a4ada9:1-14 0    },nacosdb-mysql-1-xenon.log
712431,  	 [INFO] 	mysql.slave.status:&{ 0  false  false        },nacosdb-mysql-1-xenon.log
